# Note repeats are allowed, but last line is the one used.
# ROI,mlat
ROI_03309_1,-80.87545246570329
ROI_03310_1,-82.5365716357137
ROI_03311_1,-82.98914996386581
